{
    "model": "CatBoost",
    "accuracy": 0.6190476190476191,
    "precision": 0.6558724628822233,
    "recall": 0.6190476190476191,
    "f1_score": 0.6191390850651199,
    "classification_report": {
        "black": {
            "precision": 0.6363636363636364,
            "recall": 0.5,
            "f1-score": 0.56,
            "support": 28.0
        },
        "gamble": {
            "precision": 0.6486486486486487,
            "recall": 0.8,
            "f1-score": 0.7164179104477612,
            "support": 30.0
        },
        "scam": {
            "precision": 0.8260869565217391,
            "recall": 0.5428571428571428,
            "f1-score": 0.6551724137931034,
            "support": 35.0
        },
        "sex": {
            "precision": 0.6521739130434783,
            "recall": 0.5172413793103449,
            "f1-score": 0.576923076923077,
            "support": 29.0
        },
        "white": {
            "precision": 0.4523809523809524,
            "recall": 0.76,
            "f1-score": 0.5671641791044777,
            "support": 25.0
        },
        "accuracy": 0.6190476190476191,
        "macro avg": {
            "precision": 0.6431308213916911,
            "recall": 0.6240197044334975,
            "f1-score": 0.6151355160536838,
            "support": 147.0
        },
        "weighted avg": {
            "precision": 0.6558724628822233,
            "recall": 0.6190476190476191,
            "f1-score": 0.6191390850651199,
            "support": 147.0
        }
    }
}