{
    "model": "CNN",
    "best_epoch": 297,
    "loss": 0.08703653592414953,
    "accuracy": 0.6802721088435374,
    "precision": 0.6930105823490764,
    "recall": 0.6802721088435374,
    "f1_score": 0.6842701053156133,
    "classification_report": {
        "black": {
            "precision": 0.6071428571428571,
            "recall": 0.6071428571428571,
            "f1-score": 0.6071428571428571,
            "support": 28.0
        },
        "gamble": {
            "precision": 0.9310344827586207,
            "recall": 0.9,
            "f1-score": 0.9152542372881356,
            "support": 30.0
        },
        "scam": {
            "precision": 0.7931034482758621,
            "recall": 0.6571428571428571,
            "f1-score": 0.71875,
            "support": 35.0
        },
        "sex": {
            "precision": 0.6060606060606061,
            "recall": 0.6896551724137931,
            "f1-score": 0.6451612903225807,
            "support": 29.0
        },
        "white": {
            "precision": 0.4642857142857143,
            "recall": 0.52,
            "f1-score": 0.49056603773584906,
            "support": 25.0
        },
        "accuracy": 0.6802721088435374,
        "macro avg": {
            "precision": 0.6803254217047321,
            "recall": 0.6747881773399015,
            "f1-score": 0.6753748844978845,
            "support": 147.0
        },
        "weighted avg": {
            "precision": 0.6930105823490764,
            "recall": 0.6802721088435374,
            "f1-score": 0.6842701053156133,
            "support": 147.0
        }
    }
}