{
    "accuracy": 0.5037037037037037,
    "precision": 0.5170118030118029,
    "recall": 0.5037037037037037,
    "f1_score": 0.48576502694073337,
    "classification_report": {
        "black": {
            "precision": 0.48,
            "recall": 0.42857142857142855,
            "f1-score": 0.4528301886792452,
            "support": 28.0
        },
        "gamble": {
            "precision": 0.6153846153846154,
            "recall": 0.47058823529411764,
            "f1-score": 0.5333333333333333,
            "support": 17.0
        },
        "scam": {
            "precision": 0.48214285714285715,
            "recall": 0.9,
            "f1-score": 0.627906976744186,
            "support": 30.0
        },
        "sex": {
            "precision": 0.6,
            "recall": 0.3333333333333333,
            "f1-score": 0.42857142857142855,
            "support": 27.0
        },
        "white": {
            "precision": 0.46153846153846156,
            "recall": 0.36363636363636365,
            "f1-score": 0.4067796610169492,
            "support": 33.0
        },
        "accuracy": 0.5037037037037037,
        "macro avg": {
            "precision": 0.5278131868131869,
            "recall": 0.49922587216704867,
            "f1-score": 0.4898843176690285,
            "support": 135.0
        },
        "weighted avg": {
            "precision": 0.5170118030118029,
            "recall": 0.5037037037037037,
            "f1-score": 0.48576502694073337,
            "support": 135.0
        }
    }
}