{
    "model": "RandomForest",
    "best_params": {
        "max_depth": 15,
        "min_samples_leaf": 1,
        "min_samples_split": 2,
        "n_estimators": 350
    },
    "accuracy": 0.7482993197278912,
    "precision": 0.7718946366672989,
    "recall": 0.7482993197278912,
    "f1_score": 0.7536839176513512,
    "classification_report": {
        "black": {
            "precision": 0.6451612903225806,
            "recall": 0.7142857142857143,
            "f1-score": 0.6779661016949152,
            "support": 28.0
        },
        "gamble": {
            "precision": 0.9615384615384616,
            "recall": 0.8333333333333334,
            "f1-score": 0.8928571428571429,
            "support": 30.0
        },
        "scam": {
            "precision": 0.9375,
            "recall": 0.8571428571428571,
            "f1-score": 0.8955223880597014,
            "support": 35.0
        },
        "sex": {
            "precision": 0.6956521739130435,
            "recall": 0.5517241379310345,
            "f1-score": 0.6153846153846154,
            "support": 29.0
        },
        "white": {
            "precision": 0.5428571428571428,
            "recall": 0.76,
            "f1-score": 0.6333333333333332,
            "support": 25.0
        },
        "accuracy": 0.7482993197278912,
        "macro avg": {
            "precision": 0.7565418137262456,
            "recall": 0.7432972085385877,
            "f1-score": 0.7430127162659417,
            "support": 147.0
        },
        "weighted avg": {
            "precision": 0.7718946366672989,
            "recall": 0.7482993197278912,
            "f1-score": 0.7536839176513512,
            "support": 147.0
        }
    }
}