{
    "predicted_label": "sex",
    "predicted_probabilities": {
        "black": 0.21298895218612884,
        "gamble": 0.09137702008629864,
        "scam": 0.14692298493861886,
        "sex": 0.3828186394667679,
        "white": 0.16589240332218572
    }
}