{
    "predicted_label": "gamble",
    "predicted_probabilities": {
        "black": 0.1857357466563279,
        "gamble": 0.23218209123584585,
        "scam": 0.204535560935669,
        "sex": 0.17476023323467052,
        "white": 0.20278636793748678
    }
}