{
    "predicted_label": "sex",
    "predicted_probabilities": {
        "black": 0.13054805574375544,
        "gamble": 0.0734924720581492,
        "scam": 0.09174838221162675,
        "sex": 0.580946693226051,
        "white": 0.12326439676041764
    }
}