{
    "predicted_label": "sex",
    "predicted_probabilities": {
        "black": 0.21878841454462622,
        "gamble": 0.08945212590267292,
        "scam": 0.1458888925212339,
        "sex": 0.3559518575462098,
        "white": 0.1899187094852573
    }
}