{
    "model": "TabNet",
    "accuracy": 0.4421768707482993,
    "precision": 0.4629149905576265,
    "recall": 0.4421768707482993,
    "f1_score": 0.4130546275832962,
    "classification_report": {
        "black": {
            "precision": 0.5238095238095238,
            "recall": 0.39285714285714285,
            "f1-score": 0.4489795918367347,
            "support": 28.0
        },
        "gamble": {
            "precision": 0.4264705882352941,
            "recall": 0.9666666666666667,
            "f1-score": 0.5918367346938775,
            "support": 30.0
        },
        "scam": {
            "precision": 0.5263157894736842,
            "recall": 0.2857142857142857,
            "f1-score": 0.37037037037037035,
            "support": 35.0
        },
        "sex": {
            "precision": 0.3333333333333333,
            "recall": 0.3103448275862069,
            "f1-score": 0.32142857142857145,
            "support": 29.0
        },
        "white": {
            "precision": 0.5,
            "recall": 0.24,
            "f1-score": 0.32432432432432434,
            "support": 25.0
        },
        "accuracy": 0.4421768707482993,
        "macro avg": {
            "precision": 0.46198584697036704,
            "recall": 0.43911658456486047,
            "f1-score": 0.41138791853077566,
            "support": 147.0
        },
        "weighted avg": {
            "precision": 0.4629149905576265,
            "recall": 0.4421768707482993,
            "f1-score": 0.4130546275832962,
            "support": 147.0
        }
    }
}