{
    "model": "TransformerModel",
    "best_epoch": 171,
    "loss": 1.564551126312565,
    "accuracy": 0.2585034013605442,
    "precision": 0.28115782653913696,
    "recall": 0.2585034013605442,
    "f1_score": 0.22288524113533523,
    "classification_report": {
        "black": {
            "precision": 0.3157894736842105,
            "recall": 0.21428571428571427,
            "f1-score": 0.2553191489361702,
            "support": 28.0
        },
        "gamble": {
            "precision": 0.4166666666666667,
            "recall": 0.16666666666666666,
            "f1-score": 0.23809523809523808,
            "support": 30.0
        },
        "scam": {
            "precision": 0.2619047619047619,
            "recall": 0.6285714285714286,
            "f1-score": 0.3697478991596639,
            "support": 35.0
        },
        "sex": {
            "precision": 0.25,
            "recall": 0.034482758620689655,
            "f1-score": 0.0606060606060606,
            "support": 29.0
        },
        "white": {
            "precision": 0.14285714285714285,
            "recall": 0.16,
            "f1-score": 0.15094339622641512,
            "support": 25.0
        },
        "accuracy": 0.2585034013605442,
        "macro avg": {
            "precision": 0.2774436090225564,
            "recall": 0.24080131362889984,
            "f1-score": 0.21494234860470957,
            "support": 147.0
        },
        "weighted avg": {
            "precision": 0.28115782653913696,
            "recall": 0.2585034013605442,
            "f1-score": 0.22288524113533523,
            "support": 147.0
        }
    }
}